participant,age,sex,participantNum
0,65,2,0
1,33,1,1
5,56,2,5
8,39,2,8
10,49,1,10
11,37,1,11
12,34,2,12
13,55,2,13
15,32,1,15
18,47,2,18
20,58,2,20
21,43,1,21
22,55,2,22
26,49,2,26
27,41,1,27
30,39,2,30
31,59,2,31
32,67,2,32
33,38,2,33
35,50,1,35
37,69,2,37
38,43,1,38
39,58,2,39
40,50,1,40
41,62,2,41
42,54,1,42
44,39,2,44
45,55,1,45
46,32,1,46
47,32,2,47
50,37,1,50
51,32,1,51
52,31,2,52
55,60,1,55
56,22,1,56
57,35,1,57
58,48,2,58
59,68,2,59
60,31,2,60
62,40,1,62
63,52,2,63
67,40,1,67
68,59,2,68
72,59,2,72
73,35,2,73
74,31,1,74
75,31,2,75
76,44,1,76
78,36,1,78
80,57,2,80
81,33,1,81
82,28,1,82
84,46,1,84
85,67,2,85
87,46,1,87
91,59,1,91
92,28,1,92
94,39,1,94
98,47,2,98
99,34,1,99
101,41,2,101
102,25,1,102
104,35,2,104
105,35,2,105
106,43,1,106
107,40,1,107
108,39,1,108
110,29,1,110
111,35,2,111
113,38,1,113
114,43,2,114
115,40,1,115
116,61,2,116
117,69,1,117
118,34,1,118
119,50,1,119
120,39,1,120
121,39,2,121
122,50,2,122
123,74,2,123
124,28,1,124
127,36,2,127
129,54,2,129
132,60,2,132
133,33,1,133
134,36,1,134
135,35,2,135
136,38,1,136
138,39,2,138
139,49,2,139
140,41,1,140
142,42,1,142
143,40,2,143
144,55,2,144
145,36,1,145
146,52,1,146
148,35,1,148
150,29,1,150
153,46,2,153
154,30,2,154
155,36,2,155
158,50,1,158
159,34,1,159
160,47,2,160
161,51,2,161
162,30,1,162
163,53,1,163
164,30,2,164
165,31,1,165
166,36,2,166
168,38,1,168
170,47,2,170
171,54,2,171
173,34,2,173
174,48,1,174
176,36,2,176
177,36,2,177
178,36,2,178
179,37,1,179
180,57,1,180
181,38,2,181
182,38,2,182
183,58,2,183
184,52,2,184
185,54,1,185
186,44,1,186
187,43,2,187
188,49,2,188
189,44,2,189
191,39,1,191
192,34,1,192
195,54,2,195
197,34,2,197
201,40,1,201
203,38,2,203
204,34,1,204
205,36,1,205
206,41,1,206
207,59,5,207
211,46,1,211
212,30,2,212
213,34,1,213
214,38,1,214
215,45,1,215
217,50,1,217
221,61,2,221
222,29,1,222
223,73,1,223
225,30,2,225
226,48,2,226
227,30,1,227
228,43,2,228
231,39,2,231
232,33,1,232
234,47,1,234
235,29,1,235
238,39,2,238
239,51,1,239
240,40,1,240
241,30,2,241
244,60,2,244
247,42,2,247
248,56,2,248
249,56,2,249
251,42,1,251
252,61,2,252
253,33,1,253
257,42,1,257
265,41,2,265
266,30,1,266
267,38,2,267
268,32,2,268
269,37,1,269
272,41,1,272
273,60,1,273
274,33,1,274
275,23,1,275
276,71,2,276
279,40,1,279
282,44,2,282
284,32,1,284
286,43,2,286
287,69,2,287
288,33,2,288
289,29,2,289
290,44,2,290
292,32,2,292
295,21,2,295
296,29,2,296
297,39,1,297
298,34,2,298
300,28,5,300
301,41,1,301
302,31,1,302
303,33,2,303
306,39,1,306
308,53,1,308
309,30,1,309
311,51,1,311
317,35,1,317
318,22,2,318
320,39,2,320
322,28,2,322
323,20,2,323
324,20,2,324
325,60,2,325
326,28,2,326
328,38,1,328
329,27,1,329
330,34,2,330
332,32,1,332
333,21,1,333
334,19,1,334
335,21,2,335
336,20,2,336
340,18,1,340
341,26,1,341
345,53,2,345
347,29,1,347
350,43,2,350
351,32,2,351
352,21,2,352
353,45,2,353
354,32,2,354
355,33,2,355
358,51,1,358
359,27,1,359
360,28,1,360
361,33,2,361
362,22,1,362
363,22,1,363
364,22,1,364
367,24,2,367
368,31,2,368
369,25,2,369
370,46,2,370
371,30,2,371
496,19,2,496
497,36,1,497
498,22,1,498
499,58ee2d957b2e410001c2e807,2,499
500,24,2,500
502,32,2,502
504,31,1,504
506,5f85f61410a6560f8543b8dd,2,506
507,27,1,507
509,37,2,509
512,39,1,512
513,29,1,513
515,22,2,515
516,29,2,516
517,23,2,517
519,31,2,519
520,44,2,520
521,25,1,521
522,22,1,522
523,32,1,523
524,19,2,524
525,32,2,525
526,28,1,526
527,20,2,527
528,47,2,528
529,19,2,529
530,29,2,530
531,36,2,531
532,22,1,532
533,30,1,533
534,20,2,534
536,26,1,536
537,19,2,537
539,27,2,539
540,20,1,540
543,20,2,543
544,27,1,544
545,40,1,545
546,19,1,546
547,42,2,547
548,23,2,548
549,25,2,549
550,19,2,550
552,33,1,552
556,22,2,556
557,30,2,557
558,39,2,558
559,22,2,559
560,24,1,560
561,22,2,561
563,34,2,563
564,37,2,564
566,28,2,566
567,22,1,567
569,27,2,569
570,28,2,570
571,25,2,571
573,36,2,573
574,38,1,574
576,31,1,576
577,33,2,577
579,42,2,579
580,25,2,580
581,29,2,581
583,27,2,583
584,21,2,584
585,18,2,585
586,25,2,586
587,21,2,587
588,34,1,588
589,25,1,589
590,19,2,590
591,63,2,591
592,30,2,592
595,26,2,595
596,20,2,596
597,22,2,597
598,19,2,598
599,39,1,599
600,21,5,600
602,23,2,602
606,37,2,606
607,27,1,607
610,43,1,610
611,24,2,611
612,45,2,612
613,19,2,613
614,28,2,614
615,25,1,615
616,39,1,616
619,64,2,619
620,23,2,620
621,29,2,621
622,29,2,622
623,37,2,623
624,63,2,624
626,19,1,626
627,5dc0a8d635fd0c05038cf88f,2,627
628,35,1,628
630,27,1,630
631,58,2,631
632,19,1,632
634,28,2,634
637,39,1,637
638,33,2,638
639,31,2,639
640,30,2,640
641,41,1,641
644,25,2,644
645,30,2,645
646,31,2,646
647,23,2,647
649,30,2,649
650,36,2,650
651,28,1,651
652,35,2,652
654,27,2,654
657,32,1,657
658,34,1,658
659,24,2,659
660,24,1,660
664,30,2,664
665,32,2,665
666,36,1,666
667,34,2,667
669,35,2,669
674,47,1,674
675,30,1,675
676,29,1,676
677,67,1,677
678,27,1,678
679,19,2,679
680,5fc29fcf12bc590168baf07c,2,680
681,33,2,681
683,26,1,683
684,18,1,684
685,18,1,685
686,23,1,686
688,29,1,688
694,31,1,694
695,27,1,695
696,28,2,696
697,23,2,697
698,24,1,698
700,22,2,700
701,24,1,701
703,20,2,703
704,24,2,704
706,31,1,706
708,24,1,708
709,21,2,709
711,31,1,711
713,21,2,713
714,25,1,714
718,24,2,718
719,40,2,719
720,21,1,720
721,24,2,721
722,28,1,722
724,43,2,724
725,24,1,725
727,20,1,727
728,18,2,728
730,19,2,730
732,37,2,732
733,34,2,733
735,21,1,735
736,31,1,736
737,18,2,737
738,22,1,738
739,34,1,739
740,22,2,740
741,18,2,741
743,37,2,743
745,28,2,745
748,56,2,748
749,19,1,749
752,22,1,752
754,21,2,754
755,29,2,755
757,34,1,757
759,19,1,759
760,30,2,760
764,27,2,764
765,34,2,765
766,18,2,766
769,34,2,769
771,21,2,771
772,29,2,772
773,20,1,773
774,28,2,774
775,19,2,775
776,32,1,776
777,50,1,777
778,37,1,778
779,33,1,779
780,25,1,780
781,31,2,781
782,49,2,782
783,44,2,783
784,35,2,784
786,51,1,786
787,20,2,787
788,17,2,788
789,25,2,789
791,40,2,791
793,30,2,793
794,40,2,794
797,27,2,797
798,23,2,798
800,38,2,800
801,33,2,801
803,27,1,803
804,33,2,804
805,21,1,805
808,35,1,808
812,37,2,812
813,38,2,813
814,20,1,814
815,35,1,815
816,19,2,816
817,51,2,817
819,23,2,819
820,36,2,820
821,36,2,821
823,19,2,823
824,27,1,824
825,26,1,825
828,23,1,828
830,51,1,830
832,21,1,832
834,21,2,834
835,49,2,835
836,36,2,836
837,26,1,837
838,25,2,838
839,22,1,839
842,25,1,842
844,36,2,844
847,33,2,847
848,35,2,848
849,19,1,849
850,26,2,850
852,36,2,852
853,24,2,853
854,48,2,854
855,33,2,855
856,42,2,856
857,25,2,857
859,24,1,859
860,24,2,860
861,40,2,861
862,29,2,862
863,29,1,863
864,49,2,864
867,33,1,867
868,28,2,868
869,29,1,869
871,37,1,871
872,33,2,872
875,21,2,875
876,25,2,876
877,49,2,877
878,19,1,878
879,37,1,879
881,30,2,881
882,21,2,882
884,30,2,884
885,27,1,885
886,39,2,886
888,47,2,888
890,26,2,890
892,39,2,892
893,25,1,893
894,33,1,894
895,22,2,895
898,21,1,898
900,34,1,900
902,42,2,902
903,28,1,903
905,48,2,905
906,43,1,906
908,38,2,908
909,66,2,909
911,25,2,911
912,22,2,912
915,25,2,915
916,29,2,916
917,47,1,917
920,30,1,920
921,22,1,921
922,28,1,922
923,53,2,923
924,18,1,924
926,23,1,926
927,23,2,927
930,20,2,930
931,23,2,931
932,36,2,932
933,22,1,933
934,31,4,934
935,31,1,935
937,53,2,937
939,27,2,939
941,24,2,941
942,28,1,942
943,23,2,943
944,21,1,944
945,20,2,945
946,30,2,946
948,20,2,948
949,45,2,949
950,19,2,950
953,25,2,953
954,23,1,954
955,25,1,955
956,20,2,956
957,28,2,957
959,18,1,959
960,34,2,960
962,24,1,962
964,30,2,964
965,32,1,965
966,27,1,966
969,21,2,969
970,46,2,970
972,19,2,972
973,39,2,973
974,32,1,974
976,30,2,976
977,23,2,977
978,33,1,978
979,37,2,979
981,19,1,981
982,47,2,982
984,52,2,984
985,28,1,985
986,42,2,986
987,26,2,987
988,36,1,988
990,47,1,990
991,42,2,991
992,19,2,992
993,52,2,993
994,36,2,994
996,26,2,996
997,47,1,997
998,32,2,998
999,45,2,999
1001,41,1,1001
1004,31,1,1004
1005,29,2,1005
1007,20,2,1007
1009,31,1,1009
1010,25,2,1010
1011,37,2,1011
1012,48,2,1012
1013,41,1,1013
1015,39,2,1015
1017,19,2,1017
1018,52,2,1018
1019,24,1,1019
1020,19,2,1020
1023,38,2,1023
1024,40,2,1024
1026,20,2,1026
1028,45,1,1028
1029,30,2,1029
1030,44,1,1030
1031,47,2,1031
1032,24,2,1032
1033,24,2,1033
1034,37,1,1034
1036,39,1,1036
1037,41,1,1037
1038,39,1,1038
1039,21,1,1039
1042,23,2,1042
1045,22,2,1045
1046,20,2,1046
1047,50,2,1047
1048,26,1,1048
1051,27,1,1051
1052,26,1,1052
1053,28,2,1053
1055,24,2,1055
1056,19,2,1056
1057,31,2,1057
1059,45,2,1059
1060,28,2,1060
1061,24,2,1061
1062,60,2,1062
1064,29,1,1064
1065,37,2,1065
1066,27,1,1066
1067,22,2,1067
1068,42,2,1068
1069,60,2,1069
1070,18,1,1070
1071,27,2,1071
1072,48,1,1072
1074,22,1,1074
1075,32,2,1075
1076,27,1,1076
1077,21,1,1077
1078,26,1,1078
1080,37,1,1080
1081,37,2,1081
1082,19,1,1082
1084,28,2,1084
1085,36,1,1085
1086,51,2,1086
1089,18,1,1089
1090,26,2,1090
1091,34,2,1091
1092,32,2,1092
1094,23,2,1094
1096,33,1,1096
1098,65,1,1098
1100,37,2,1100
1101,30,1,1101
1102,19,1,1102
1103,21,2,1103
1105,49,2,1105
1106,20,1,1106
1108,34,1,1108
1110,29,1,1110
1111,46,2,1111
1112,35,1,1112
1113,33,1,1113
1115,30,1,1115
1116,31,2,1116
1117,47,2,1117
1118,41,1,1118
1119,42,2,1119
1120,46,1,1120
1121,55,2,1121
1123,18,2,1123
1124,18,1,1124
1126,18,2,1126
1127,19,2,1127
1130,18,1,1130
1131,24,1,1131
1132,39,1,1132
1133,28,1,1133
1135,20,2,1135
1136,21,2,1136
1139,28,2,1139
1141,28,1,1141
1142,38,2,1142
1145,5b98701eb79d6d0001d08882,1,1145
1146,29,1,1146
1147,34,1,1147
1148,29,2,1148
1149,55,1,1149
1151,30,2,1151
1152,21,1,1152
1153,29,1,1153
1155,58,1,1155
1156,27,2,1156
1157,21,2,1157
1159,20,2,1159
1160,51,2,1160
1161,26,2,1161
1162,37,2,1162
1163,40,2,1163
1164,41,1,1164
1166,21,1,1166
1168,19,1,1168
1170,25,1,1170
1173,27,1,1173
1174,21,1,1174
1175,22,2,1175
1178,34,2,1178
1183,18,1,1183
1184,18,1,1184
1185,22,2,1185
1186,24,2,1186
1187,57,2,1187
1188,19,2,1188
1190,23,2,1190
1191,25,2,1191
1193,25,2,1193
1194,47,1,1194
1196,20,2,1196
1197,35,2,1197
1198,19,1,1198
1199,24,2,1199
1200,25,2,1200
1201,19,1,1201
1202,44,1,1202
1205,59,2,1205
1206,39,2,1206
1207,37,2,1207
1208,21,2,1208
1211,24,2,1211
1404,42,2,1404
1406,49,1,1406
1408,52,2,1408
1409,60,1,1409
1410,54,1,1410
1412,47,2,1412
1413,31,1,1413
1414,45,2,1414
1415,45,2,1415
1416,25,2,1416
1417,29,2,1417
1418,36,2,1418
1420,35,1,1420
1421,44,2,1421
1424,40,2,1424
1425,40,1,1425
1426,52,2,1426
1427,59,2,1427
1428,25,1,1428
1429,44,2,1429
1430,44,1,1430
1432,42,1,1432
1433,40,2,1433
1435,38,2,1435
1437,30,1,1437
1438,39,2,1438
1439,41,2,1439
